{"cameraMode":{"drawMode":0,"name":"Shaded","section":"Shading Mode"},"sceneLighting":true,"audioPlay":false,"sceneViewState":{"showFog":true,"showMaterialUpdate":true,"showSkybox":true,"showFlares":true,"showImageEffects":true,"showParticleSystems":true},"in2DMode":false,"pivot":{"x":-1.767320990562439,"y":1.600440502166748,"z":-3.947176694869995},"rotation":{"x":0.2143269181251526,"y":0.007906208746135235,"z":-0.0017356183379888535,"w":0.9767316579818726},"size":7.937342643737793,"orthographic":true}